step_id,candidate_id,base_x,base_y,base_z,base_yaw,x,y,z,yaw,dx,dy,dyaw,distance_to_robot,is_valid,is_reachable,collision_risk,collision_penalty,path_cost,path_cost_method,visible_unknown_cells,information_gain,information_gain_method,score,selected_by_classical,failure_reason
0,0,-0.0,-2.1994,0.5967,0.0,-0.9239,-2.5821,0.5967,-2.7489,-0.9239,-0.3827,-2.7489,1.0,True,True,False,0.0,1.7257,astar_bev_grid_unknown_penalty,745,745,real_sensor_bev_unknown_visibility,744.6549,False,
0,1,-0.0,-2.1994,0.5967,0.0,-0.3827,-3.1233,0.5967,-1.9635,-0.3827,-0.9239,-1.9635,1.0,True,True,False,0.0,1.7257,astar_bev_grid_unknown_penalty,745,745,real_sensor_bev_unknown_visibility,744.6549,False,
0,2,-0.0,-2.1994,0.5967,0.0,0.3827,-3.1233,0.5967,-1.1781,0.3827,-0.9239,-1.1781,1.0,True,True,False,0.0,1.6843,astar_bev_grid_unknown_penalty,745,745,real_sensor_bev_unknown_visibility,744.6631,False,
0,3,-0.0,-2.1994,0.5967,0.0,0.9239,-2.5821,0.5967,-0.3927,0.9239,-0.3827,-0.3927,1.0,True,True,False,0.0,1.3057,astar_bev_grid_unknown_penalty,621,621,real_sensor_bev_unknown_visibility,620.7389,False,
0,4,-0.0,-2.1994,0.5967,0.0,0.9239,-1.8167,0.5967,0.3927,0.9239,0.3827,0.3927,1.0,True,True,False,0.0,1.0243,astar_bev_grid_unknown_penalty,232,232,real_sensor_bev_unknown_visibility,231.7951,False,
0,5,-0.0,-2.1994,0.5967,0.0,0.3827,-1.2755,0.5967,1.1781,0.3827,0.9239,1.1781,1.0,True,True,False,0.0,1.5843,astar_bev_grid_unknown_penalty,745,745,real_sensor_bev_unknown_visibility,744.6831,True,
0,6,-0.0,-2.1994,0.5967,0.0,-0.3827,-1.2755,0.5967,1.9635,-0.3827,0.9239,1.9635,1.0,True,True,False,0.0,1.6257,astar_bev_grid_unknown_penalty,745,745,real_sensor_bev_unknown_visibility,744.6749,False,
0,7,-0.0,-2.1994,0.5967,0.0,-0.9239,-1.8167,0.5967,2.7489,-0.9239,0.3827,2.7489,1.0,True,True,False,0.0,1.6843,astar_bev_grid_unknown_penalty,745,745,real_sensor_bev_unknown_visibility,744.6631,False,
0,8,-0.0,-2.1994,0.5967,0.0,-2.0325,-3.0413,0.5967,-2.7489,-2.0325,-0.8419,-2.7489,2.2,True,True,False,0.0,3.9128,astar_bev_grid_unknown_penalty,629,629,real_sensor_bev_unknown_visibility,628.2174,False,
0,9,-0.0,-2.1994,0.5967,0.0,-0.8419,-4.2319,0.5967,-1.9635,-0.8419,-2.0325,-1.9635,2.2,True,True,False,0.0,3.9128,astar_bev_grid_unknown_penalty,629,629,real_sensor_bev_unknown_visibility,628.2174,False,
0,10,-0.0,-2.1994,0.5967,0.0,0.8419,-4.2319,0.5967,-1.1781,0.8419,-2.0325,-1.1781,2.2,True,True,False,0.0,3.8714,astar_bev_grid_unknown_penalty,629,629,real_sensor_bev_unknown_visibility,628.2257,False,
0,11,-0.0,-2.1994,0.5967,0.0,2.0325,-3.0413,0.5967,-0.3927,2.0325,-0.8419,-0.3927,2.2,True,True,False,0.0,3.0128,astar_bev_grid_unknown_penalty,629,629,real_sensor_bev_unknown_visibility,628.3974,False,
0,12,-0.0,-2.1994,0.5967,0.0,2.0325,-1.3575,0.5967,0.3927,2.0325,0.8419,0.3927,2.2,False,False,True,98.0,,astar_bev_grid_unknown_penalty,0,0,real_sensor_bev_unknown_visibility,-497.8,False,occupied_cell;collision_margin_occupied;astar_unreachable
0,13,-0.0,-2.1994,0.5967,0.0,0.8419,-0.1669,0.5967,1.1781,0.8419,2.0325,1.1781,2.2,True,True,False,0.0,3.7714,astar_bev_grid_unknown_penalty,629,629,real_sensor_bev_unknown_visibility,628.2457,False,
0,14,-0.0,-2.1994,0.5967,0.0,-0.8419,-0.1669,0.5967,1.9635,-0.8419,2.0325,1.9635,2.2,True,True,False,0.0,3.8128,astar_bev_grid_unknown_penalty,629,629,real_sensor_bev_unknown_visibility,628.2374,False,
0,15,-0.0,-2.1994,0.5967,0.0,-2.0325,-1.3575,0.5967,2.7489,-2.0325,0.8419,2.7489,2.2,True,True,False,0.0,3.8714,astar_bev_grid_unknown_penalty,629,629,real_sensor_bev_unknown_visibility,628.2257,False,
0,16,-0.0,-2.1994,0.5967,0.0,-3.326,-3.5771,0.5967,-2.7489,-3.326,-1.3777,-2.7489,3.6,True,True,False,0.0,6.4599,astar_bev_grid_unknown_penalty,218,218,real_sensor_bev_unknown_visibility,216.708,False,
0,17,-0.0,-2.1994,0.5967,0.0,-1.3777,-5.5254,0.5967,-1.9635,-1.3777,-3.326,-1.9635,3.6,True,True,False,0.0,6.4599,astar_bev_grid_unknown_penalty,218,218,real_sensor_bev_unknown_visibility,216.708,False,
0,18,-0.0,-2.1994,0.5967,0.0,1.3777,-5.5254,0.5967,-1.1781,1.3777,-3.326,-1.1781,3.6,True,True,False,0.0,6.4185,astar_bev_grid_unknown_penalty,218,218,real_sensor_bev_unknown_visibility,216.7163,False,
0,19,-0.0,-2.1994,0.5967,0.0,3.326,-3.5771,0.5967,-0.3927,3.326,-1.3777,-0.3927,3.6,True,True,False,0.0,5.5599,astar_bev_grid_unknown_penalty,218,218,real_sensor_bev_unknown_visibility,216.888,False,
0,20,-0.0,-2.1994,0.5967,0.0,3.326,-0.8218,0.5967,0.3927,3.326,1.3777,0.3927,3.6,True,True,False,0.0,4.6413,astar_bev_grid_unknown_penalty,97,97,real_sensor_bev_unknown_visibility,96.0717,False,
0,21,-0.0,-2.1994,0.5967,0.0,1.3777,1.1266,0.5967,1.1781,1.3777,3.326,1.1781,3.6,True,True,False,0.0,6.3185,astar_bev_grid_unknown_penalty,218,218,real_sensor_bev_unknown_visibility,216.7363,False,
0,22,-0.0,-2.1994,0.5967,0.0,-1.3777,1.1266,0.5967,1.9635,-1.3777,3.326,1.9635,3.6,True,True,False,0.0,6.3599,astar_bev_grid_unknown_penalty,218,218,real_sensor_bev_unknown_visibility,216.728,False,
0,23,-0.0,-2.1994,0.5967,0.0,-3.326,-0.8218,0.5967,2.7489,-3.326,1.3777,2.7489,3.6,True,True,False,0.0,6.4185,astar_bev_grid_unknown_penalty,218,218,real_sensor_bev_unknown_visibility,216.7163,False,
1,0,0.14,-2.1994,0.5967,0.0,-0.7839,-2.5821,0.5967,-2.7489,-0.9239,-0.3827,-2.7489,1.0,True,True,False,0.0,1.4657,astar_bev_grid_unknown_penalty,745,745,real_sensor_bev_unknown_visibility,744.7069,False,
1,1,0.14,-2.1994,0.5967,0.0,-0.2427,-3.1233,0.5967,-1.9635,-0.3827,-0.9239,-1.9635,1.0,True,True,False,0.0,1.7257,astar_bev_grid_unknown_penalty,745,745,real_sensor_bev_unknown_visibility,744.6549,False,
1,2,0.14,-2.1994,0.5967,0.0,0.5227,-3.1233,0.5967,-1.1781,0.3827,-0.9239,-1.1781,1.0,True,True,False,0.0,1.7257,astar_bev_grid_unknown_penalty,743,743,real_sensor_bev_unknown_visibility,742.6549,False,
1,3,0.14,-2.1994,0.5967,0.0,1.0639,-2.5821,0.5967,-0.3927,0.9239,-0.3827,-0.3927,1.0,True,True,False,0.0,1.2843,astar_bev_grid_unknown_penalty,628,628,real_sensor_bev_unknown_visibility,627.7431,False,
1,4,0.14,-2.1994,0.5967,0.0,1.0639,-1.8167,0.5967,0.3927,0.9239,0.3827,0.3927,1.0,False,True,True,6.0,1.0243,astar_bev_grid_unknown_penalty,0,0,real_sensor_bev_unknown_visibility,-206.2049,False,collision_margin_occupied
1,5,0.14,-2.1994,0.5967,0.0,0.5227,-1.2755,0.5967,1.1781,0.3827,0.9239,1.1781,1.0,True,True,False,0.0,1.6257,astar_bev_grid_unknown_penalty,743,743,real_sensor_bev_unknown_visibility,742.6749,False,
1,6,0.14,-2.1994,0.5967,0.0,-0.2427,-1.2755,0.5967,1.9635,-0.3827,0.9239,1.9635,1.0,True,True,False,0.0,1.6257,astar_bev_grid_unknown_penalty,745,745,real_sensor_bev_unknown_visibility,744.6749,False,
1,7,0.14,-2.1994,0.5967,0.0,-0.7839,-1.8167,0.5967,2.7489,-0.9239,0.3827,2.7489,1.0,True,True,False,0.0,1.4243,astar_bev_grid_unknown_penalty,745,745,real_sensor_bev_unknown_visibility,744.7151,True,
1,8,0.14,-2.1994,0.5967,0.0,-1.8925,-3.0413,0.5967,-2.7489,-2.0325,-0.8419,-2.7489,2.2,True,True,False,0.0,3.6528,astar_bev_grid_unknown_penalty,668,668,real_sensor_bev_unknown_visibility,667.2694,False,
1,9,0.14,-2.1994,0.5967,0.0,-0.7019,-4.2319,0.5967,-1.9635,-0.8419,-2.0325,-1.9635,2.2,True,True,False,0.0,3.9128,astar_bev_grid_unknown_penalty,627,627,real_sensor_bev_unknown_visibility,626.2174,False,
1,10,0.14,-2.1994,0.5967,0.0,0.9819,-4.2319,0.5967,-1.1781,0.8419,-2.0325,-1.1781,2.2,True,True,False,0.0,3.8714,astar_bev_grid_unknown_penalty,632,632,real_sensor_bev_unknown_visibility,631.2257,False,
1,11,0.14,-2.1994,0.5967,0.0,2.1725,-3.0413,0.5967,-0.3927,2.0325,-0.8419,-0.3927,2.2,True,True,False,0.0,3.0928,astar_bev_grid_unknown_penalty,589,589,real_sensor_bev_unknown_visibility,588.3814,False,
1,12,0.14,-2.1994,0.5967,0.0,2.1725,-1.3575,0.5967,0.3927,2.0325,0.8419,0.3927,2.2,False,False,True,90.0,,astar_bev_grid_unknown_penalty,0,0,real_sensor_bev_unknown_visibility,-489.8,False,occupied_cell;collision_margin_occupied;astar_unreachable
1,13,0.14,-2.1994,0.5967,0.0,0.9819,-0.1669,0.5967,1.1781,0.8419,2.0325,1.1781,2.2,True,True,False,0.0,3.7714,astar_bev_grid_unknown_penalty,632,632,real_sensor_bev_unknown_visibility,631.2457,False,
1,14,0.14,-2.1994,0.5967,0.0,-0.7019,-0.1669,0.5967,1.9635,-0.8419,2.0325,1.9635,2.2,True,True,False,0.0,3.8128,astar_bev_grid_unknown_penalty,627,627,real_sensor_bev_unknown_visibility,626.2374,False,
1,15,0.14,-2.1994,0.5967,0.0,-1.8925,-1.3575,0.5967,2.7489,-2.0325,0.8419,2.7489,2.2,True,True,False,0.0,3.6114,astar_bev_grid_unknown_penalty,668,668,real_sensor_bev_unknown_visibility,667.2777,False,
1,16,0.14,-2.1994,0.5967,0.0,-3.186,-3.5771,0.5967,-2.7489,-3.326,-1.3777,-2.7489,3.6,True,True,False,0.0,6.1999,astar_bev_grid_unknown_penalty,263,263,real_sensor_bev_unknown_visibility,261.76,False,
1,17,0.14,-2.1994,0.5967,0.0,-1.2377,-5.5254,0.5967,-1.9635,-1.3777,-3.326,-1.9635,3.6,True,True,False,0.0,6.4599,astar_bev_grid_unknown_penalty,219,219,real_sensor_bev_unknown_visibility,217.708,False,
1,18,0.14,-2.1994,0.5967,0.0,1.5177,-5.5254,0.5967,-1.1781,1.3777,-3.326,-1.1781,3.6,True,True,False,0.0,6.4599,astar_bev_grid_unknown_penalty,218,218,real_sensor_bev_unknown_visibility,216.708,False,
1,19,0.14,-2.1994,0.5967,0.0,3.466,-3.5771,0.5967,-0.3927,3.326,-1.3777,-0.3927,3.6,True,True,False,0.0,5.6399,astar_bev_grid_unknown_penalty,171,171,real_sensor_bev_unknown_visibility,169.872,False,
1,20,0.14,-2.1994,0.5967,0.0,3.466,-0.8218,0.5967,0.3927,3.326,1.3777,0.3927,3.6,True,True,False,0.0,4.6413,astar_bev_grid_unknown_penalty,64,64,real_sensor_bev_unknown_visibility,63.0717,False,
1,21,0.14,-2.1994,0.5967,0.0,1.5177,1.1266,0.5967,1.1781,1.3777,3.326,1.1781,3.6,True,True,False,0.0,6.3328,astar_bev_grid_unknown_penalty,218,218,real_sensor_bev_unknown_visibility,216.7334,False,
1,22,0.14,-2.1994,0.5967,0.0,-1.2377,1.1266,0.5967,1.9635,-1.3777,3.326,1.9635,3.6,True,True,False,0.0,6.3599,astar_bev_grid_unknown_penalty,219,219,real_sensor_bev_unknown_visibility,217.728,False,
1,23,0.14,-2.1994,0.5967,0.0,-3.186,-0.8218,0.5967,2.7489,-3.326,1.3777,2.7489,3.6,True,True,False,0.0,6.1585,astar_bev_grid_unknown_penalty,263,263,real_sensor_bev_unknown_visibility,261.7683,False,
2,0,0.2191,-2.1883,0.5967,0.1396,-0.6425,-2.6958,0.5967,-2.6093,-0.8616,-0.5075,-2.7489,1.0,True,True,False,0.0,1.4271,astar_bev_grid_unknown_penalty,742,742,real_sensor_bev_unknown_visibility,741.7146,False,
2,1,0.2191,-2.1883,0.5967,0.1396,-0.0312,-3.1564,0.5967,-1.8239,-0.2504,-0.9681,-1.9635,1.0,True,True,False,0.0,1.6843,astar_bev_grid_unknown_penalty,747,747,real_sensor_bev_unknown_visibility,746.6631,True,
2,2,0.2191,-2.1883,0.5967,0.1396,0.7267,-3.0499,0.5967,-1.0385,0.5075,-0.8616,-1.1781,1.0,True,True,False,0.0,1.5871,astar_bev_grid_unknown_penalty,742,742,real_sensor_bev_unknown_visibility,741.6826,False,
2,3,0.2191,-2.1883,0.5967,0.1396,1.1873,-2.4387,0.5967,-0.2531,0.9681,-0.2504,-0.3927,1.0,False,True,True,6.0,1.1043,astar_bev_grid_unknown_penalty,0,0,real_sensor_bev_unknown_visibility,-206.2209,False,collision_margin_occupied
2,4,0.2191,-2.1883,0.5967,0.1396,1.0808,-1.6807,0.5967,0.5323,0.8616,0.5075,0.3927,1.0,False,True,True,6.0,1.0071,astar_bev_grid_unknown_penalty,0,0,real_sensor_bev_unknown_visibility,-206.2014,False,collision_margin_occupied
2,5,0.2191,-2.1883,0.5967,0.1396,0.4695,-1.2201,0.5967,1.3177,0.2504,0.9681,1.1781,1.0,True,True,False,0.0,1.4628,astar_bev_grid_unknown_penalty,745,745,real_sensor_bev_unknown_visibility,744.7074,False,
2,6,0.2191,-2.1883,0.5967,0.1396,-0.2884,-1.3267,0.5967,2.1031,-0.5075,0.8616,1.9635,1.0,True,True,False,0.0,1.4071,astar_bev_grid_unknown_penalty,746,746,real_sensor_bev_unknown_visibility,745.7186,False,
2,7,0.2191,-2.1883,0.5967,0.1396,-0.749,-1.9379,0.5967,2.8885,-0.9681,0.2504,2.7489,1.0,True,True,False,0.0,1.4828,astar_bev_grid_unknown_penalty,743,743,real_sensor_bev_unknown_visibility,742.7034,False,
2,8,0.2191,-2.1883,0.5967,0.1396,-1.6764,-3.3049,0.5967,-2.6093,-1.8956,-1.1166,-2.7489,2.2,True,True,False,0.0,3.5171,astar_bev_grid_unknown_penalty,721,721,real_sensor_bev_unknown_visibility,720.2966,False,
2,9,0.2191,-2.1883,0.5967,0.1396,-0.3317,-4.3182,0.5967,-1.8239,-0.5508,-2.1299,-1.9635,2.2,True,True,False,0.0,3.9685,astar_bev_grid_unknown_penalty,592,592,real_sensor_bev_unknown_visibility,591.2063,False,
2,10,0.2191,-2.1883,0.5967,0.1396,1.3357,-4.0839,0.5967,-1.0385,1.1166,-1.8956,-1.1781,2.2,True,True,False,0.0,3.6356,astar_bev_grid_unknown_penalty,678,678,real_sensor_bev_unknown_visibility,677.2729,False,
2,11,0.2191,-2.1883,0.5967,0.1396,2.3491,-2.7391,0.5967,-0.2531,2.1299,-0.5508,-0.3927,2.2,True,True,False,0.0,3.2285,astar_bev_grid_unknown_penalty,513,513,real_sensor_bev_unknown_visibility,512.3543,False,
2,12,0.2191,-2.1883,0.5967,0.1396,2.1147,-1.0717,0.5967,0.5323,1.8956,1.1166,0.3927,2.2,False,False,True,88.0,,astar_bev_grid_unknown_penalty,0,0,real_sensor_bev_unknown_visibility,-487.8,False,occupied_cell;collision_margin_occupied;astar_unreachable
2,13,0.2191,-2.1883,0.5967,0.1396,0.77,-0.0584,0.5967,1.3177,0.5508,2.1299,1.1781,2.2,True,True,False,0.0,3.7471,astar_bev_grid_unknown_penalty,588,588,real_sensor_bev_unknown_visibility,587.2506,False,
2,14,0.2191,-2.1883,0.5967,0.1396,-0.8974,-0.2927,0.5967,2.1031,-1.1166,1.8956,1.9635,2.2,True,True,False,0.0,3.6356,astar_bev_grid_unknown_penalty,673,673,real_sensor_bev_unknown_visibility,672.2729,False,
2,15,0.2191,-2.1883,0.5967,0.1396,-1.9108,-1.6375,0.5967,2.8885,-2.1299,0.5508,2.7489,2.2,True,True,False,0.0,3.7671,astar_bev_grid_unknown_penalty,662,662,real_sensor_bev_unknown_visibility,661.2466,False,
2,16,0.2191,-2.1883,0.5967,0.1396,-2.8827,-4.0154,0.5967,-2.6093,-3.1019,-1.8271,-2.7489,3.6,True,True,False,0.0,5.967,astar_bev_grid_unknown_penalty,394,394,real_sensor_bev_unknown_visibility,392.8066,False,
2,17,0.2191,-2.1883,0.5967,0.1396,-0.6822,-5.6736,0.5967,-1.8239,-0.9014,-3.4853,-1.9635,3.6,True,True,False,0.0,6.4328,astar_bev_grid_unknown_penalty,133,133,real_sensor_bev_unknown_visibility,131.7134,False,
2,18,0.2191,-2.1883,0.5967,0.1396,2.0463,-5.2902,0.5967,-1.0385,1.8271,-3.1019,-1.1781,3.6,True,True,False,0.0,6.0856,astar_bev_grid_unknown_penalty,311,311,real_sensor_bev_unknown_visibility,309.7829,False,
2,19,0.2191,-2.1883,0.5967,0.1396,3.7045,-3.0897,0.5967,-0.2531,3.4853,-0.9014,-0.3927,3.6,True,True,False,0.0,5.8728,astar_bev_grid_unknown_penalty,79,79,real_sensor_bev_unknown_visibility,77.8254,False,
2,20,0.2191,-2.1883,0.5967,0.1396,3.321,-0.3611,0.5967,0.5323,3.1019,1.8271,0.3927,3.6,True,True,False,0.0,4.6456,astar_bev_grid_unknown_penalty,4,4,real_sensor_bev_unknown_visibility,3.0709,False,
2,21,0.2191,-2.1883,0.5967,0.1396,1.1205,1.297,0.5967,1.3177,0.9014,3.4853,1.1781,3.6,True,True,False,0.0,6.1885,astar_bev_grid_unknown_penalty,125,125,real_sensor_bev_unknown_visibility,123.7623,False,
2,22,0.2191,-2.1883,0.5967,0.1396,-1.608,0.9136,0.5967,2.1031,-1.8271,3.1019,1.9635,3.6,True,True,False,0.0,6.127,astar_bev_grid_unknown_penalty,335,335,real_sensor_bev_unknown_visibility,333.7746,False,
2,23,0.2191,-2.1883,0.5967,0.1396,-3.2662,-1.2869,0.5967,2.8885,-3.4853,0.9014,2.7489,3.6,True,True,False,0.0,6.2728,astar_bev_grid_unknown_penalty,192,192,real_sensor_bev_unknown_visibility,190.7454,False,
3,0,0.3578,-2.1688,0.5967,0.1396,-0.5039,-2.6763,0.5967,-2.6093,-0.8616,-0.5075,-2.7489,1.0,True,True,False,0.0,1.3471,astar_bev_grid_unknown_penalty,746,746,real_sensor_bev_unknown_visibility,745.7306,False,
3,1,0.3578,-2.1688,0.5967,0.1396,0.1074,-3.1369,0.5967,-1.8239,-0.2504,-0.9681,-1.9635,1.0,True,True,False,0.0,1.6428,astar_bev_grid_unknown_penalty,744,744,real_sensor_bev_unknown_visibility,743.6714,False,
3,2,0.3578,-2.1688,0.5967,0.1396,0.8653,-3.0304,0.5967,-1.0385,0.5075,-0.8616,-1.1781,1.0,True,True,False,0.0,1.5871,astar_bev_grid_unknown_penalty,746,746,real_sensor_bev_unknown_visibility,745.6826,False,
3,3,0.3578,-2.1688,0.5967,0.1396,1.3259,-2.4192,0.5967,-0.2531,0.9681,-0.2504,-0.3927,1.0,False,True,True,18.0,1.2043,astar_bev_grid_unknown_penalty,0,0,real_sensor_bev_unknown_visibility,-218.2409,False,collision_margin_occupied
3,4,0.3578,-2.1688,0.5967,0.1396,1.2194,-1.6613,0.5967,0.5323,0.8616,0.5075,0.3927,1.0,False,True,True,26.0,1.1071,astar_bev_grid_unknown_penalty,0,0,real_sensor_bev_unknown_visibility,-226.2214,False,collision_margin_occupied
3,5,0.3578,-2.1688,0.5967,0.1396,0.6082,-1.2007,0.5967,1.3177,0.2504,0.9681,1.1781,1.0,True,True,False,0.0,1.5043,astar_bev_grid_unknown_penalty,745,745,real_sensor_bev_unknown_visibility,744.6991,False,
3,6,0.3578,-2.1688,0.5967,0.1396,-0.1498,-1.3072,0.5967,2.1031,-0.5075,0.8616,1.9635,1.0,True,True,False,0.0,1.4071,astar_bev_grid_unknown_penalty,748,748,real_sensor_bev_unknown_visibility,747.7186,True,
3,7,0.3578,-2.1688,0.5967,0.1396,-0.6104,-1.9184,0.5967,2.8885,-0.9681,0.2504,2.7489,1.0,True,True,False,0.0,1.4028,astar_bev_grid_unknown_penalty,744,744,real_sensor_bev_unknown_visibility,743.7194,False,
3,8,0.3578,-2.1688,0.5967,0.1396,-1.5378,-3.2854,0.5967,-2.6093,-1.8956,-1.1166,-2.7489,2.2,True,True,False,0.0,3.3956,astar_bev_grid_unknown_penalty,743,743,real_sensor_bev_unknown_visibility,742.3209,False,
3,9,0.3578,-2.1688,0.5967,0.1396,-0.1931,-4.2987,0.5967,-1.8239,-0.5508,-2.1299,-1.9635,2.2,True,True,False,0.0,3.7471,astar_bev_grid_unknown_penalty,601,601,real_sensor_bev_unknown_visibility,600.2506,False,
3,10,0.3578,-2.1688,0.5967,0.1396,1.4744,-4.0644,0.5967,-1.0385,1.1166,-1.8956,-1.1781,2.2,True,True,False,0.0,3.6356,astar_bev_grid_unknown_penalty,682,682,real_sensor_bev_unknown_visibility,681.2729,False,
3,11,0.3578,-2.1688,0.5967,0.1396,2.4877,-2.7196,0.5967,-0.2531,2.1299,-0.5508,-0.3927,2.2,True,True,False,0.0,3.3085,astar_bev_grid_unknown_penalty,464,464,real_sensor_bev_unknown_visibility,463.3383,False,
3,12,0.3578,-2.1688,0.5967,0.1396,2.2534,-1.0522,0.5967,0.5323,1.8956,1.1166,0.3927,2.2,False,True,True,32.0,3.7242,astar_bev_grid_unknown_penalty,0,0,real_sensor_bev_unknown_visibility,-232.7448,False,collision_margin_occupied
3,13,0.3578,-2.1688,0.5967,0.1396,0.9086,-0.0389,0.5967,1.3177,0.5508,2.1299,1.1781,2.2,True,True,False,0.0,3.7885,astar_bev_grid_unknown_penalty,579,579,real_sensor_bev_unknown_visibility,578.2423,False,
3,14,0.3578,-2.1688,0.5967,0.1396,-0.7588,-0.2732,0.5967,2.1031,-1.1166,1.8956,1.9635,2.2,True,True,False,0.0,3.6356,astar_bev_grid_unknown_penalty,670,670,real_sensor_bev_unknown_visibility,669.2729,False,
3,15,0.3578,-2.1688,0.5967,0.1396,-1.7721,-1.618,0.5967,2.8885,-2.1299,0.5508,2.7489,2.2,True,True,False,0.0,3.5071,astar_bev_grid_unknown_penalty,698,698,real_sensor_bev_unknown_visibility,697.2986,False,
3,16,0.3578,-2.1688,0.5967,0.1396,-2.7441,-3.9959,0.5967,-2.6093,-3.1019,-1.8271,-2.7489,3.6,True,True,False,0.0,5.8456,astar_bev_grid_unknown_penalty,437,437,real_sensor_bev_unknown_visibility,435.8309,False,
3,17,0.3578,-2.1688,0.5967,0.1396,-0.5436,-5.6541,0.5967,-1.8239,-0.9014,-3.4853,-1.9635,3.6,True,True,False,0.0,6.4328,astar_bev_grid_unknown_penalty,136,136,real_sensor_bev_unknown_visibility,134.7134,False,
3,18,0.3578,-2.1688,0.5967,0.1396,2.1849,-5.2707,0.5967,-1.0385,1.8271,-3.1019,-1.1781,3.6,True,True,False,0.0,6.0856,astar_bev_grid_unknown_penalty,305,305,real_sensor_bev_unknown_visibility,303.7829,False,
3,19,0.3578,-2.1688,0.5967,0.1396,3.8431,-3.0702,0.5967,-0.2531,3.4853,-0.9014,-0.3927,3.6,True,True,False,0.0,5.9528,astar_bev_grid_unknown_penalty,54,54,real_sensor_bev_unknown_visibility,52.8094,False,
3,20,0.3578,-2.1688,0.5967,0.1396,3.4596,-0.3417,0.5967,0.5323,3.1019,1.8271,0.3927,3.6,True,True,False,0.0,4.6456,astar_bev_grid_unknown_penalty,3,3,real_sensor_bev_unknown_visibility,2.0709,False,
3,21,0.3578,-2.1688,0.5967,0.1396,1.2591,1.3165,0.5967,1.3177,0.9014,3.4853,1.1781,3.6,True,True,False,0.0,6.2299,astar_bev_grid_unknown_penalty,122,122,real_sensor_bev_unknown_visibility,120.754,False,
3,22,0.3578,-2.1688,0.5967,0.1396,-1.4694,0.9331,0.5967,2.1031,-1.8271,3.1019,1.9635,3.6,True,True,False,0.0,6.0856,astar_bev_grid_unknown_penalty,331,331,real_sensor_bev_unknown_visibility,329.7829,False,
3,23,0.3578,-2.1688,0.5967,0.1396,-3.1276,-1.2674,0.5967,2.8885,-3.4853,0.9014,2.7489,3.6,True,True,False,0.0,6.1928,astar_bev_grid_unknown_penalty,237,237,real_sensor_bev_unknown_visibility,235.7614,False,
4,0,0.3863,-2.084,0.5967,0.1396,-0.4754,-2.5916,0.5967,-2.6093,-0.8616,-0.5075,-2.7489,1.0,True,True,False,0.0,1.1671,astar_bev_grid_unknown_penalty,749,749,real_sensor_bev_unknown_visibility,748.7666,True,
4,1,0.3863,-2.084,0.5967,0.1396,0.1359,-3.0522,0.5967,-1.8239,-0.2504,-0.9681,-1.9635,1.0,True,True,False,0.0,1.5628,astar_bev_grid_unknown_penalty,743,743,real_sensor_bev_unknown_visibility,742.6874,False,
4,2,0.3863,-2.084,0.5967,0.1396,0.8938,-2.9456,0.5967,-1.0385,0.5075,-0.8616,-1.1781,1.0,True,True,False,0.0,1.5071,astar_bev_grid_unknown_penalty,742,742,real_sensor_bev_unknown_visibility,741.6986,False,
4,3,0.3863,-2.084,0.5967,0.1396,1.3544,-2.3344,0.5967,-0.2531,0.9681,-0.2504,-0.3927,1.0,False,False,True,76.0,,astar_bev_grid_unknown_penalty,0,0,real_sensor_bev_unknown_visibility,-475.8,False,occupied_cell;collision_margin_occupied;astar_unreachable
4,4,0.3863,-2.084,0.5967,0.1396,1.2479,-1.5765,0.5967,0.5323,0.8616,0.5075,0.3927,1.0,False,True,True,24.0,1.1071,astar_bev_grid_unknown_penalty,0,0,real_sensor_bev_unknown_visibility,-224.2214,False,collision_margin_occupied
4,5,0.3863,-2.084,0.5967,0.1396,0.6366,-1.1159,0.5967,1.3177,0.2504,0.9681,1.1781,1.0,True,True,False,0.0,1.5043,astar_bev_grid_unknown_penalty,745,745,real_sensor_bev_unknown_visibility,744.6991,False,
4,6,0.3863,-2.084,0.5967,0.1396,-0.1213,-1.2224,0.5967,2.1031,-0.5075,0.8616,1.9635,1.0,True,True,False,0.0,1.4071,astar_bev_grid_unknown_penalty,747,747,real_sensor_bev_unknown_visibility,746.7186,False,
4,7,0.3863,-2.084,0.5967,0.1396,-0.5819,-1.8336,0.5967,2.8885,-0.9681,0.2504,2.7489,1.0,True,True,False,0.0,1.2228,astar_bev_grid_unknown_penalty,745,745,real_sensor_bev_unknown_visibility,744.7554,False,
4,8,0.3863,-2.084,0.5967,0.1396,-1.5093,-3.2006,0.5967,-2.6093,-1.8956,-1.1166,-2.7489,2.2,True,True,False,0.0,3.4371,astar_bev_grid_unknown_penalty,744,744,real_sensor_bev_unknown_visibility,743.3126,False,
4,9,0.3863,-2.084,0.5967,0.1396,-0.1646,-4.2139,0.5967,-1.8239,-0.5508,-2.1299,-1.9635,2.2,True,True,False,0.0,3.8471,astar_bev_grid_unknown_penalty,628,628,real_sensor_bev_unknown_visibility,627.2306,False,
4,10,0.3863,-2.084,0.5967,0.1396,1.5028,-3.9796,0.5967,-1.0385,1.1166,-1.8956,-1.1781,2.2,True,True,False,0.0,3.5971,astar_bev_grid_unknown_penalty,701,701,real_sensor_bev_unknown_visibility,700.2806,False,
4,11,0.3863,-2.084,0.5967,0.1396,2.5162,-2.6348,0.5967,-0.2531,2.1299,-0.5508,-0.3927,2.2,True,True,False,0.0,3.4885,astar_bev_grid_unknown_penalty,455,455,real_sensor_bev_unknown_visibility,454.3023,False,
4,12,0.3863,-2.084,0.5967,0.1396,2.2818,-0.9674,0.5967,0.5323,1.8956,1.1166,0.3927,2.2,False,False,True,82.0,,astar_bev_grid_unknown_penalty,0,0,real_sensor_bev_unknown_visibility,-481.8,False,occupied_cell;collision_margin_occupied;astar_unreachable
4,13,0.3863,-2.084,0.5967,0.1396,0.9371,0.0459,0.5967,1.3177,0.5508,2.1299,1.1781,2.2,True,True,False,0.0,3.7885,astar_bev_grid_unknown_penalty,552,552,real_sensor_bev_unknown_visibility,551.2423,False,
4,14,0.3863,-2.084,0.5967,0.1396,-0.7303,-0.1884,0.5967,2.1031,-1.1166,1.8956,1.9635,2.2,True,True,False,0.0,3.6356,astar_bev_grid_unknown_penalty,648,648,real_sensor_bev_unknown_visibility,647.2729,False,
4,15,0.3863,-2.084,0.5967,0.1396,-1.7437,-1.5332,0.5967,2.8885,-2.1299,0.5508,2.7489,2.2,True,True,False,0.0,3.5071,astar_bev_grid_unknown_penalty,709,709,real_sensor_bev_unknown_visibility,708.2986,False,
4,16,0.3863,-2.084,0.5967,0.1396,-2.7156,-3.9112,0.5967,-2.6093,-3.1019,-1.8271,-2.7489,3.6,True,True,False,0.0,5.887,astar_bev_grid_unknown_penalty,451,451,real_sensor_bev_unknown_visibility,449.8226,False,
4,17,0.3863,-2.084,0.5967,0.1396,-0.5151,-5.5693,0.5967,-1.8239,-0.9014,-3.4853,-1.9635,3.6,True,True,False,0.0,6.3528,astar_bev_grid_unknown_penalty,161,161,real_sensor_bev_unknown_visibility,159.7294,False,
4,18,0.3863,-2.084,0.5967,0.1396,2.2134,-5.1859,0.5967,-1.0385,1.8271,-3.1019,-1.1781,3.6,True,True,False,0.0,6.047,astar_bev_grid_unknown_penalty,325,325,real_sensor_bev_unknown_visibility,323.7906,False,
4,19,0.3863,-2.084,0.5967,0.1396,3.8716,-2.9854,0.5967,-0.2531,3.4853,-0.9014,-0.3927,3.6,True,True,False,0.0,5.9528,astar_bev_grid_unknown_penalty,49,49,real_sensor_bev_unknown_visibility,47.8094,False,
4,20,0.3863,-2.084,0.5967,0.1396,3.4881,-0.2569,0.5967,0.5323,3.1019,1.8271,0.3927,3.6,False,True,True,6.0,4.6456,astar_bev_grid_unknown_penalty,0,0,real_sensor_bev_unknown_visibility,-206.9291,False,collision_margin_occupied
4,21,0.3863,-2.084,0.5967,0.1396,1.2876,1.4013,0.5967,1.3177,0.9014,3.4853,1.1781,3.6,True,True,False,0.0,6.3685,astar_bev_grid_unknown_penalty,101,101,real_sensor_bev_unknown_visibility,99.7263,False,
4,22,0.3863,-2.084,0.5967,0.1396,-1.4409,1.0179,0.5967,2.1031,-1.8271,3.1019,1.9635,3.6,True,True,False,0.0,6.0856,astar_bev_grid_unknown_penalty,304,304,real_sensor_bev_unknown_visibility,302.7829,False,
4,23,0.3863,-2.084,0.5967,0.1396,-3.0991,-1.1826,0.5967,2.8885,-3.4853,0.9014,2.7489,3.6,True,True,False,0.0,6.0128,astar_bev_grid_unknown_penalty,248,248,real_sensor_bev_unknown_visibility,246.7974,False,
5,0,0.5051,-2.0673,0.5967,0.1396,-0.3565,-2.5749,0.5967,-2.6093,-0.8616,-0.5075,-2.7489,1.0,True,True,False,0.0,1.2671,astar_bev_grid_unknown_penalty,746,746,real_sensor_bev_unknown_visibility,745.7466,False,
5,1,0.5051,-2.0673,0.5967,0.1396,0.2547,-3.0355,0.5967,-1.8239,-0.2504,-0.9681,-1.9635,1.0,True,True,False,0.0,1.6043,astar_bev_grid_unknown_penalty,745,745,real_sensor_bev_unknown_visibility,744.6791,False,
5,2,0.5051,-2.0673,0.5967,0.1396,1.0126,-2.9289,0.5967,-1.0385,0.5075,-0.8616,-1.1781,1.0,True,True,False,0.0,1.5071,astar_bev_grid_unknown_penalty,743,743,real_sensor_bev_unknown_visibility,742.6986,False,
5,3,0.5051,-2.0673,0.5967,0.1396,1.4732,-2.3177,0.5967,-0.2531,0.9681,-0.2504,-0.3927,1.0,False,False,True,84.0,,astar_bev_grid_unknown_penalty,0,0,real_sensor_bev_unknown_visibility,-483.8,False,occupied_cell;collision_margin_occupied;astar_unreachable
5,4,0.5051,-2.0673,0.5967,0.1396,1.3667,-1.5598,0.5967,0.5323,0.8616,0.5075,0.3927,1.0,False,False,True,86.0,,astar_bev_grid_unknown_penalty,0,0,real_sensor_bev_unknown_visibility,-485.8,False,occupied_cell;collision_margin_occupied;astar_unreachable
5,5,0.5051,-2.0673,0.5967,0.1396,0.7555,-1.0992,0.5967,1.3177,0.2504,0.9681,1.1781,1.0,True,True,False,0.0,1.6428,astar_bev_grid_unknown_penalty,744,744,real_sensor_bev_unknown_visibility,743.6714,False,
5,6,0.5051,-2.0673,0.5967,0.1396,-0.0025,-1.2057,0.5967,2.1031,-0.5075,0.8616,1.9635,1.0,True,True,False,0.0,1.4485,astar_bev_grid_unknown_penalty,746,746,real_sensor_bev_unknown_visibility,745.7103,False,
5,7,0.5051,-2.0673,0.5967,0.1396,-0.4631,-1.8169,0.5967,2.8885,-0.9681,0.2504,2.7489,1.0,True,True,False,0.0,1.2428,astar_bev_grid_unknown_penalty,744,744,real_sensor_bev_unknown_visibility,743.7514,False,
5,8,0.5051,-2.0673,0.5967,0.1396,-1.3905,-3.1839,0.5967,-2.6093,-1.8956,-1.1166,-2.7489,2.2,True,True,False,0.0,3.2356,astar_bev_grid_unknown_penalty,748,748,real_sensor_bev_unknown_visibility,747.3529,True,
5,9,0.5051,-2.0673,0.5967,0.1396,-0.0457,-4.1972,0.5967,-1.8239,-0.5508,-2.1299,-1.9635,2.2,True,True,False,0.0,3.7085,astar_bev_grid_unknown_penalty,631,631,real_sensor_bev_unknown_visibility,630.2583,False,
5,10,0.5051,-2.0673,0.5967,0.1396,1.6217,-3.9629,0.5967,-1.0385,1.1166,-1.8956,-1.1781,2.2,True,True,False,0.0,3.5556,astar_bev_grid_unknown_penalty,704,704,real_sensor_bev_unknown_visibility,703.2889,False,
5,11,0.5051,-2.0673,0.5967,0.1396,2.635,-2.6181,0.5967,-0.2531,2.1299,-0.5508,-0.3927,2.2,True,True,False,0.0,3.4685,astar_bev_grid_unknown_penalty,413,413,real_sensor_bev_unknown_visibility,412.3063,False,
5,12,0.5051,-2.0673,0.5967,0.1396,2.4007,-0.9507,0.5967,0.5323,1.8956,1.1166,0.3927,2.2,False,True,True,16.0,3.3827,astar_bev_grid_unknown_penalty,0,0,real_sensor_bev_unknown_visibility,-216.6765,False,collision_margin_occupied
5,13,0.5051,-2.0673,0.5967,0.1396,1.0559,0.0626,0.5967,1.3177,0.5508,2.1299,1.1781,2.2,True,True,False,0.0,3.7257,astar_bev_grid_unknown_penalty,545,545,real_sensor_bev_unknown_visibility,544.2549,False,
5,14,0.5051,-2.0673,0.5967,0.1396,-0.6115,-0.1717,0.5967,2.1031,-1.1166,1.8956,1.9635,2.2,True,True,False,0.0,3.6771,astar_bev_grid_unknown_penalty,644,644,real_sensor_bev_unknown_visibility,643.2646,False,
5,15,0.5051,-2.0673,0.5967,0.1396,-1.6248,-1.5165,0.5967,2.8885,-2.1299,0.5508,2.7489,2.2,True,True,False,0.0,3.5271,astar_bev_grid_unknown_penalty,731,731,real_sensor_bev_unknown_visibility,730.2946,False,
5,16,0.5051,-2.0673,0.5967,0.1396,-2.5968,-3.8945,0.5967,-2.6093,-3.1019,-1.8271,-2.7489,3.6,True,True,False,0.0,5.6856,astar_bev_grid_unknown_penalty,487,487,real_sensor_bev_unknown_visibility,485.8629,False,
5,17,0.5051,-2.0673,0.5967,0.1396,-0.3963,-5.5526,0.5967,-1.8239,-0.9014,-3.4853,-1.9635,3.6,True,True,False,0.0,6.3528,astar_bev_grid_unknown_penalty,168,168,real_sensor_bev_unknown_visibility,166.7294,False,
5,18,0.5051,-2.0673,0.5967,0.1396,2.3322,-5.1692,0.5967,-1.0385,1.8271,-3.1019,-1.1781,3.6,True,True,False,0.0,6.0056,astar_bev_grid_unknown_penalty,317,317,real_sensor_bev_unknown_visibility,315.7989,False,
5,19,0.5051,-2.0673,0.5967,0.1396,3.9904,-2.9687,0.5967,-0.2531,3.4853,-0.9014,-0.3927,3.6,True,True,False,0.0,5.9328,astar_bev_grid_unknown_penalty,32,32,real_sensor_bev_unknown_visibility,30.8134,False,
5,20,0.5051,-2.0673,0.5967,0.1396,3.607,-0.2402,0.5967,0.5323,3.1019,1.8271,0.3927,3.6,False,True,True,6.0,4.6456,astar_bev_grid_unknown_penalty,0,0,real_sensor_bev_unknown_visibility,-206.9291,False,collision_margin_occupied
5,21,0.5051,-2.0673,0.5967,0.1396,1.4065,1.418,0.5967,1.3177,0.9014,3.4853,1.1781,3.6,True,True,False,0.0,6.1714,astar_bev_grid_unknown_penalty,97,97,real_sensor_bev_unknown_visibility,95.7657,False,
5,22,0.5051,-2.0673,0.5967,0.1396,-1.3221,1.0346,0.5967,2.1031,-1.8271,3.1019,1.9635,3.6,True,True,False,0.0,6.127,astar_bev_grid_unknown_penalty,296,296,real_sensor_bev_unknown_visibility,294.7746,False,
5,23,0.5051,-2.0673,0.5967,0.1396,-2.9802,-1.1659,0.5967,2.8885,-3.4853,0.9014,2.7489,3.6,True,True,False,0.0,6.0328,astar_bev_grid_unknown_penalty,289,289,real_sensor_bev_unknown_visibility,287.7934,False,
